Workbook

Sheet WBS
A1: サンプルシステム刷新プロジェクト WBS
A2: 更新日: 2026/9/28 ※人が見る・編集する表です。Redmine への取込は「取込」シートのテーブル「取込表」がこの表を参照して行います。
A4: No | B4: チケットID | C4: トラッカー | D4: 大分類 | E4: 中分類 | F4: 小分類 | G4: 成果物 | H4: タスク | I4: 担当 | J4: 着手予定 | K4: 完了予定 | L4: ステータス | M4: 進捗率 | N4: 工数(人日) | O4: 備考
A5: 1 | C5: サマリ | D5: 要件定義 | J5: 46296 | K5: 46311 | O5: 大分類の行（親チケット）
A6: 2 | C6: サマリ | E6: 業務要件 | J6: 46296 | K6: 46309
A7: 3 | C7: タスク | H7: 現行業務ヒアリング | I7: 田中 | J7: 46296 | K7: 46302 | L7: 完了 | M7: 1 | N7: 3 | O7: 中分類の直下のタスク（小分類・成果物を飛ばす）
A8: 4 | C8: タスク | H8: 業務フロー作成 | I8: 田中 | J8: 46301 | K8: 46309 | L8: 進行中 | M8: 0.5 | N8: 4
A9: 5 | C9: タスク | H9: 要件定義書レビュー | I9: 山田 | J9: 46310 | K9: 46311 | L9: 未着手 | M9: 0 | N9: 1 | O9: 大分類の直下のタスク（中分類以下を飛ばす）
A10: ―― ここから基本設計（この行は取込対象外） ――
A11: 6 | C11: サマリ | D11: 基本設計 | J11: 46314 | K11: 46339
A12: 7 | C12: サマリ | E12: 画面設計 | J12: 46314 | K12: 46332
A13: 8 | C13: サマリ | F13: ログイン画面 | J13: 46314 | K13: 46325
A14: 9 | C14: サマリ | F14: ログイン画面 | G14: 画面設計書 | J14: 46314 | K14: 46325 | O14: 成果物の行
A15: 10 | C15: タスク | F15: ログイン画面 | G15: 画面設計書 | H15: 画面レイアウト作成 | I15: 佐藤 | J15: 46314 | K15: 46318 | L15: 未着手 | M15: 0 | N15: 3
A16: 11 | C16: タスク | F16: ログイン画面 | G16: 画面設計書 | H16: 入力チェック仕様作成 | I16: 佐藤 | J16: 46321 | K16: 46325 | L16: 未着手 | M16: 0 | N16: 3
A17: 12 | C17: タスク | H17: 画面一覧作成 | I17: 鈴木 | J17: 46328 | K17: 46332 | L17: 未着手 | M17: 0 | N17: 2 | O17: 中分類の直下のタスク
A18: 13 | C18: サマリ | E18: DB設計 | J18: 46321 | K18: 46337
A19: 14 | C19: タスク | H19: テーブル定義作成 | I19: 鈴木 | J19: 46321 | K19: 46337 | L19: 未着手 | M19: 0 | N19: 5
A20: 15 | C20: タスク | H20: 基本設計書レビュー | I20: 山田 | J20: 46338 | K20: 46339 | L20: 未着手 | M20: 0 | N20: 1 | O20: 大分類の直下のタスク

Sheet 取込
A1: ※このシートは Redmine 取込用です（テーブル「取込表」）。各セルは「WBS」シートを参照する数式なので、直接入力せず WBS シートを編集してください。
A3: チケットID | B3: トラッカー | C3: 大分類 | D3: 中分類 | E3: 小分類 | F3: 成果物 | G3: タスク | H3: 着手予定 | I3: 完了予定 | J3: ステータス | K3: 進捗率
A4: =WBS!$B$5 -> 0 | B4: =WBS!$C$5 -> サマリ | C4: =WBS!$D$5 -> 要件定義 | D4: =WBS!$E$5 -> 0 | E4: =WBS!$F$5 -> 0 | F4: =WBS!$G$5 -> 0 | G4: =WBS!$H$5 -> 0 | H4: =WBS!$J$5 -> 46296 | I4: =WBS!$K$5 -> 46311 | J4: =WBS!$L$5 -> 0 | K4: =IF(WBS!$M$5="","",ROUND(WBS!$M$5*100,0))
A5: =WBS!$B$6 -> 0 | B5: =WBS!$C$6 -> サマリ | C5: =WBS!$D$5 -> 要件定義 | D5: =WBS!$E$6 -> 業務要件 | E5: =WBS!$F$6 -> 0 | F5: =WBS!$G$6 -> 0 | G5: =WBS!$H$6 -> 0 | H5: =WBS!$J$6 -> 46296 | I5: =WBS!$K$6 -> 46309 | J5: =WBS!$L$6 -> 0 | K5: =IF(WBS!$M$6="","",ROUND(WBS!$M$6*100,0))
A6: =WBS!$B$7 -> 0 | B6: =WBS!$C$7 -> タスク | C6: =WBS!$D$5 -> 要件定義 | D6: =WBS!$E$6 -> 業務要件 | E6: =WBS!$F$7 -> 0 | F6: =WBS!$G$7 -> 0 | G6: =WBS!$H$7 -> 現行業務ヒアリング | H6: =WBS!$J$7 -> 46296 | I6: =WBS!$K$7 -> 46302 | J6: =WBS!$L$7 -> 完了 | K6: =IF(WBS!$M$7="","",ROUND(WBS!$M$7*100,0)) -> 100
A7: =WBS!$B$8 -> 0 | B7: =WBS!$C$8 -> タスク | C7: =WBS!$D$5 -> 要件定義 | D7: =WBS!$E$6 -> 業務要件 | E7: =WBS!$F$8 -> 0 | F7: =WBS!$G$8 -> 0 | G7: =WBS!$H$8 -> 業務フロー作成 | H7: =WBS!$J$8 -> 46301 | I7: =WBS!$K$8 -> 46309 | J7: =WBS!$L$8 -> 進行中 | K7: =IF(WBS!$M$8="","",ROUND(WBS!$M$8*100,0)) -> 50
A8: =WBS!$B$9 -> 0 | B8: =WBS!$C$9 -> タスク | C8: =WBS!$D$5 -> 要件定義 | D8: =WBS!$E$9 -> 0 | E8: =WBS!$F$9 -> 0 | F8: =WBS!$G$9 -> 0 | G8: =WBS!$H$9 -> 要件定義書レビュー | H8: =WBS!$J$9 -> 46310 | I8: =WBS!$K$9 -> 46311 | J8: =WBS!$L$9 -> 未着手 | K8: =IF(WBS!$M$9="","",ROUND(WBS!$M$9*100,0)) -> 0
A9: =WBS!$B$11 -> 0 | B9: =WBS!$C$11 -> サマリ | C9: =WBS!$D$11 -> 基本設計 | D9: =WBS!$E$11 -> 0 | E9: =WBS!$F$11 -> 0 | F9: =WBS!$G$11 -> 0 | G9: =WBS!$H$11 -> 0 | H9: =WBS!$J$11 -> 46314 | I9: =WBS!$K$11 -> 46339 | J9: =WBS!$L$11 -> 0 | K9: =IF(WBS!$M$11="","",ROUND(WBS!$M$11*100,0))
A10: =WBS!$B$12 -> 0 | B10: =WBS!$C$12 -> サマリ | C10: =WBS!$D$11 -> 基本設計 | D10: =WBS!$E$12 -> 画面設計 | E10: =WBS!$F$12 -> 0 | F10: =WBS!$G$12 -> 0 | G10: =WBS!$H$12 -> 0 | H10: =WBS!$J$12 -> 46314 | I10: =WBS!$K$12 -> 46332 | J10: =WBS!$L$12 -> 0 | K10: =IF(WBS!$M$12="","",ROUND(WBS!$M$12*100,0))
A11: =WBS!$B$13 -> 0 | B11: =WBS!$C$13 -> サマリ | C11: =WBS!$D$11 -> 基本設計 | D11: =WBS!$E$12 -> 画面設計 | E11: =WBS!$F$13 -> ログイン画面 | F11: =WBS!$G$13 -> 0 | G11: =WBS!$H$13 -> 0 | H11: =WBS!$J$13 -> 46314 | I11: =WBS!$K$13 -> 46325 | J11: =WBS!$L$13 -> 0 | K11: =IF(WBS!$M$13="","",ROUND(WBS!$M$13*100,0))
A12: =WBS!$B$14 -> 0 | B12: =WBS!$C$14 -> サマリ | C12: =WBS!$D$11 -> 基本設計 | D12: =WBS!$E$12 -> 画面設計 | E12: =WBS!$F$14 -> ログイン画面 | F12: =WBS!$G$14 -> 画面設計書 | G12: =WBS!$H$14 -> 0 | H12: =WBS!$J$14 -> 46314 | I12: =WBS!$K$14 -> 46325 | J12: =WBS!$L$14 -> 0 | K12: =IF(WBS!$M$14="","",ROUND(WBS!$M$14*100,0))
A13: =WBS!$B$15 -> 0 | B13: =WBS!$C$15 -> タスク | C13: =WBS!$D$11 -> 基本設計 | D13: =WBS!$E$12 -> 画面設計 | E13: =WBS!$F$15 -> ログイン画面 | F13: =WBS!$G$15 -> 画面設計書 | G13: =WBS!$H$15 -> 画面レイアウト作成 | H13: =WBS!$J$15 -> 46314 | I13: =WBS!$K$15 -> 46318 | J13: =WBS!$L$15 -> 未着手 | K13: =IF(WBS!$M$15="","",ROUND(WBS!$M$15*100,0)) -> 0
A14: =WBS!$B$16 -> 0 | B14: =WBS!$C$16 -> タスク | C14: =WBS!$D$11 -> 基本設計 | D14: =WBS!$E$12 -> 画面設計 | E14: =WBS!$F$16 -> ログイン画面 | F14: =WBS!$G$16 -> 画面設計書 | G14: =WBS!$H$16 -> 入力チェック仕様作成 | H14: =WBS!$J$16 -> 46321 | I14: =WBS!$K$16 -> 46325 | J14: =WBS!$L$16 -> 未着手 | K14: =IF(WBS!$M$16="","",ROUND(WBS!$M$16*100,0)) -> 0
A15: =WBS!$B$17 -> 0 | B15: =WBS!$C$17 -> タスク | C15: =WBS!$D$11 -> 基本設計 | D15: =WBS!$E$12 -> 画面設計 | E15: =WBS!$F$17 -> 0 | F15: =WBS!$G$17 -> 0 | G15: =WBS!$H$17 -> 画面一覧作成 | H15: =WBS!$J$17 -> 46328 | I15: =WBS!$K$17 -> 46332 | J15: =WBS!$L$17 -> 未着手 | K15: =IF(WBS!$M$17="","",ROUND(WBS!$M$17*100,0)) -> 0
A16: =WBS!$B$18 -> 0 | B16: =WBS!$C$18 -> サマリ | C16: =WBS!$D$11 -> 基本設計 | D16: =WBS!$E$18 -> DB設計 | E16: =WBS!$F$18 -> 0 | F16: =WBS!$G$18 -> 0 | G16: =WBS!$H$18 -> 0 | H16: =WBS!$J$18 -> 46321 | I16: =WBS!$K$18 -> 46337 | J16: =WBS!$L$18 -> 0 | K16: =IF(WBS!$M$18="","",ROUND(WBS!$M$18*100,0))
A17: =WBS!$B$19 -> 0 | B17: =WBS!$C$19 -> タスク | C17: =WBS!$D$11 -> 基本設計 | D17: =WBS!$E$18 -> DB設計 | E17: =WBS!$F$19 -> 0 | F17: =WBS!$G$19 -> 0 | G17: =WBS!$H$19 -> テーブル定義作成 | H17: =WBS!$J$19 -> 46321 | I17: =WBS!$K$19 -> 46337 | J17: =WBS!$L$19 -> 未着手 | K17: =IF(WBS!$M$19="","",ROUND(WBS!$M$19*100,0)) -> 0
A18: =WBS!$B$20 -> 0 | B18: =WBS!$C$20 -> タスク | C18: =WBS!$D$11 -> 基本設計 | D18: =WBS!$E$20 -> 0 | E18: =WBS!$F$20 -> 0 | F18: =WBS!$G$20 -> 0 | G18: =WBS!$H$20 -> 基本設計書レビュー | H18: =WBS!$J$20 -> 46338 | I18: =WBS!$K$20 -> 46339 | J18: =WBS!$L$20 -> 未着手 | K18: =IF(WBS!$M$20="","",ROUND(WBS!$M$20*100,0)) -> 0
